04e2cdeb-d83c-11ed-8ff6-70b5e8a19b12.jpg,['ox6s']
0574e00b-d848-11ed-8677-70b5e8a19b12.jpg,['ox6s']
f054df74-d86e-11ed-b25e-70b5e8a19b12.jpg,['ox6s']
8553a5bb-d923-11ed-bca8-70b5e8a19b12.jpg,['ox6s']
5aeecc72-d940-11ed-a4a9-70b5e8a19b12.jpg,['ox6s']
b9995d8d-d941-11ed-8dc1-70b5e8a19b12.jpg,['ox6s']
3418ad3f-d942-11ed-b2f3-70b5e8a19b12.jpg,['ox6s']
6a59b55e-d942-11ed-be0c-70b5e8a19b12.jpg,['ox6s']
bf1883d3-da8b-11ed-963a-70b5e8a19b12.jpg,['ox6s']
60431e5b-da90-11ed-a643-70b5e8a19b12.jpg,['ox6s']
88edcd6a-da90-11ed-886d-70b5e8a19b12.jpg,['ox6s']
3bbf21a2-da91-11ed-9af8-70b5e8a19b12.jpg,['ox6s']
52408afd-da91-11ed-9597-70b5e8a19b12.jpg,['ox6s']
b2636464-daaa-11ed-986b-70b5e8a19b12.jpg,['ox6s']
c85fca6f-daaa-11ed-a133-70b5e8a19b12.jpg,['ox6s']
39532bc3-dbb9-11ed-92e3-70b5e8a19b12.jpg,['ox6s']
4f5c1b9a-dbb9-11ed-a9cf-70b5e8a19b12.jpg,['ox6s']
2d113085-dbba-11ed-b305-70b5e8a19b12.jpg,['ox6s']
43097e76-dbba-11ed-91ef-70b5e8a19b12.jpg,['ox6s']
036d030c-dbbb-11ed-a922-70b5e8a19b12.jpg,['ox6s']
943f15df-dbc0-11ed-b1ae-70b5e8a19b12.jpg,['ox6s']
c99b5391-dbc0-11ed-9544-70b5e8a19b12.jpg,['ox6s']
5bf7d286-dd28-11ed-8a92-70b5e8a19b12.jpg,['ox6s']
8dbdde87-dd28-11ed-8823-70b5e8a19b12.jpg,['ox6s']
21defc1b-dd29-11ed-bd33-70b5e8a19b12.jpg,['ox6s']
2e6df8c4-dd4b-11ed-9d0d-70b5e8a19b12.jpg,['ox6s']
54ae7922-dd4b-11ed-8cca-70b5e8a19b12.jpg,['ox6s']
108dd2dd-dd4c-11ed-a579-70b5e8a19b12.jpg,['ox6s']
26074889-dd4c-11ed-aca8-70b5e8a19b12.jpg,['ox6s']
09e2480d-dd4d-11ed-bae7-70b5e8a19b12.jpg,['ox6s']
1fa70263-dd4d-11ed-8f70-70b5e8a19b12.jpg,['ox6s']
fa06fee0-ddc0-11ed-adf8-70b5e8a19b12.jpg,['ox6s']
23a1647b-ddc1-11ed-849c-70b5e8a19b12.jpg,['ox6s']
70fa717c-dddf-11ed-849a-70b5e8a19b12.jpg,['ox6s']
a0db9e5f-dddf-11ed-9848-70b5e8a19b12.jpg,['ox6s']
3e0e9dc2-ddf7-11ed-ba82-70b5e8a19b12.jpg,['ox6s']
57741a0e-ddf7-11ed-889c-70b5e8a19b12.jpg,['ox6s']
da18741d-e015-11ed-b408-70b5e8a19b12.jpg,['ox6s']
f4170b1a-e015-11ed-bde6-70b5e8a19b12.jpg,['ox6s']
f50169cd-e018-11ed-9cb9-70b5e8a19b12.jpg,['ox6s']
0d610e99-e019-11ed-91cf-70b5e8a19b12.jpg,['ox6s']
9754dd6b-e01a-11ed-ba82-70b5e8a19b12.jpg,['ox6s']
b092d97c-e01a-11ed-949c-70b5e8a19b12.jpg,['ox6s']
4471b88b-ef33-11ed-b8ad-70b5e8a19b12.jpg,['ox6s']
5ed99144-ef33-11ed-8e60-70b5e8a19b12.jpg,['ox6s']
