143c1014-d86f-11ed-9bbe-70b5e8a19b12.jpg,"['PBJORT0025', 'PB 1OBY0025']"
162a5453-d86f-11ed-8dfa-70b5e8a19b12.jpg,"['PBJO890025', 'PB 1OBY0025']"
17f57a35-d86f-11ed-8c61-70b5e8a19b12.jpg,"['Pb !UHTUUZ5', 'PR IQRY (( (']"
19958a27-d86f-11ed-b1b6-70b5e8a19b12.jpg,[]
1b2c9f76-d86f-11ed-8c1c-70b5e8a19b12.jpg,['PB1OBY0025]']
1d18ed76-d86f-11ed-a020-70b5e8a19b12.jpg,['B1OBY']
1ee0b57c-d86f-11ed-ba04-70b5e8a19b12.jpg,['PB1OBYC']
206e347b-d86f-11ed-9772-70b5e8a19b12.jpg,"['Pb1oby0025|', 'Yb1ubyuut']"
228213ae-d86f-11ed-9fd1-70b5e8a19b12.jpg,"['PB 1OBY 0025|', 'PB1OBY0025]']"
23e03ea2-d86f-11ed-84a7-70b5e8a19b12.jpg,"['PB 1OBY 00251', 'PB1OBY 0025 ']"
25516f6d-d86f-11ed-93ad-70b5e8a19b12.jpg,"['Pbi0d { O0zs', '4234103 (00254']"
26b589c5-d86f-11ed-a797-70b5e8a19b12.jpg,"['2310810025', '7234102770025']"
281734c9-d86f-11ed-b657-70b5e8a19b12.jpg,"['Fbneetio', 'PBIQBY0025']"
29807c2a-d86f-11ed-bf25-70b5e8a19b12.jpg,"['2810310025', 'F310bi00z5']"
30b6bdea-d86f-11ed-9af6-70b5e8a19b12.jpg,"['F6^ < `125', ""PB1ut' : -""]"
32582ca6-d86f-11ed-b163-70b5e8a19b12.jpg,"['PB T06*0025', 'PB 1 0B * (,5']"
33dadd6a-d86f-11ed-bf7d-70b5e8a19b12.jpg,"[""P0 10p''0"", 'Puiupil.`']"
3c642e3d-d86f-11ed-b59b-70b5e8a19b12.jpg,[]
46770916-d86f-11ed-9044-70b5e8a19b12.jpg,['PHRIOFY(e']
4848dc5c-d86f-11ed-88cb-70b5e8a19b12.jpg,['PB 1OBY OC']
4af22c8c-d86f-11ed-a299-70b5e8a19b12.jpg,"['PB IOBY0025', 'PB1OBY0025']"
4c96f428-d86f-11ed-b67e-70b5e8a19b12.jpg,"['PBIOBY0025]', 'PB1OBY0025']"
4f155a1c-d86f-11ed-b82a-70b5e8a19b12.jpg,['PB 10BY C']
50cc64bb-d86f-11ed-809c-70b5e8a19b12.jpg,['2B 1OBY ^']
b21f90cf-da91-11ed-9e9c-70b5e8a19b12.jpg,"['PR IR) (Q""5""', 'PF 9F}00z5']"
b415ea05-da91-11ed-8272-70b5e8a19b12.jpg,"['PB 1ORY0025', 'PB 1QBY 0025']"
b5e26b03-da91-11ed-a4c1-70b5e8a19b12.jpg,"['PBIOBY0025|', '#PB 1OBY0025']"
b7822bbc-da91-11ed-a655-70b5e8a19b12.jpg,"['VB10byo0z5)', 'PD1Oby0025]']"
3ada3573-ddc1-11ed-9db5-70b5e8a19b12.jpg,['|HR26D555 1']
3ada3572-ddc1-11ed-90e1-70b5e8a19b12.jpg,['HR26DO555 _']
3adc7fb4-ddc1-11ed-b8dc-70b5e8a19b12.jpg,['HR26D0555_']
3f8217cd-ddc1-11ed-9519-70b5e8a19b12.jpg,['LHR260O5551']
3f86eb90-ddc1-11ed-b0a7-70b5e8a19b12.jpg,['LHR260O5551']
3f86eb91-ddc1-11ed-b8f9-70b5e8a19b12.jpg,['LHR260O5551']
44959eb5-ddc1-11ed-9550-70b5e8a19b12.jpg,"['pe10e(00z25', 'PB 10BY002']"
44959eb6-ddc1-11ed-97f7-70b5e8a19b12.jpg,"['peide(00zs', 'PE 10E(002']"
44b72d41-ddc1-11ed-9794-70b5e8a19b12.jpg,"['Ybiobi0025', 'LB1OBY 0027']"
48f5a98b-ddc1-11ed-ac71-70b5e8a19b12.jpg,"['PE 10BY0025/', 'PB 1OBY0027']"
48f5a98c-ddc1-11ed-b498-70b5e8a19b12.jpg,['~PB1OBY00251']
49424ff4-ddc1-11ed-bc6d-70b5e8a19b12.jpg,['PB 1OBY0025]']
50998459-ddc1-11ed-94e2-70b5e8a19b12.jpg,"['Fp !UD /UU2SL', 'PB 1OBY0025]']"
50bd65c3-ddc1-11ed-99a6-70b5e8a19b12.jpg,[]
50d2e9ac-ddc1-11ed-bf19-70b5e8a19b12.jpg,"['AA 19', 'Eq 1316 ']"
5504d3f7-ddc1-11ed-a448-70b5e8a19b12.jpg,"['Ka 19', 'Fole1s']"
5505ab30-ddc1-11ed-b6c9-70b5e8a19b12.jpg,"['U € ', '6i6v']"
55119683-ddc1-11ed-b6aa-70b5e8a19b12.jpg,"['""8']"
5a2c79bc-ddc1-11ed-a0d2-70b5e8a19b12.jpg,[]
5a4022bc-ddc1-11ed-ab2d-70b5e8a19b12.jpg,['46']
5a667f4a-ddc1-11ed-b80b-70b5e8a19b12.jpg,['16']
60dac637-ddc1-11ed-90a4-70b5e8a19b12.jpg,"['(4iJ', '16']"
cf3afd6c-dddf-11ed-8d83-70b5e8a19b12.jpg,['HR26D05551']
d1e9e62a-dddf-11ed-b83c-70b5e8a19b12.jpg,['M/mian']
d5cd5f44-dddf-11ed-80cc-70b5e8a19b12.jpg,['HR?600ss1']
d87c29e0-dddf-11ed-9589-70b5e8a19b12.jpg,['l~HR26DO5551']
dad28e29-dddf-11ed-90c8-70b5e8a19b12.jpg,['~HR26DO5551']
cf67bef5-ddf7-11ed-a67a-70b5e8a19b12.jpg,['DLICA6 6 !/']
d13cda08-ddf7-11ed-9a55-70b5e8a19b12.jpg,['Il 16A(/ 6 ! /']
d3491674-ddf7-11ed-aa19-70b5e8a19b12.jpg,['JLICAC/ 637']
d52a1332-ddf7-11ed-b979-70b5e8a19b12.jpg,['ICACi6 37']
d701845c-ddf7-11ed-b18d-70b5e8a19b12.jpg,['DLICACT 637']
d8d8e033-ddf7-11ed-81e3-70b5e8a19b12.jpg,['DLICAC7 637']
e4a73f09-ddf7-11ed-adb1-70b5e8a19b12.jpg,[]
e8b3a135-ddf7-11ed-8eb0-70b5e8a19b12.jpg,[]
ea88a7fe-ddf7-11ed-9967-70b5e8a19b12.jpg,"['MuA, f,']"
ec7817b9-ddf7-11ed-ba6e-70b5e8a19b12.jpg,['dLiCAC763']
0cd4fe95-ddf8-11ed-91cf-70b5e8a19b12.jpg,[]
0faa832e-ddf8-11ed-a473-70b5e8a19b12.jpg,[]
12a3133b-ddf8-11ed-84a6-70b5e8a19b12.jpg,['FF551`4']
147cff95-ddf8-11ed-bd60-70b5e8a19b12.jpg,['22 BP 5517 At']
a9ac0874-ddf8-11ed-8a44-70b5e8a19b12.jpg,"['DLTCA€, 637']"
abdb4c57-ddf8-11ed-9bb2-70b5e8a19b12.jpg,['DLICAC; 637']
de9b0c72-ddf8-11ed-bd9c-70b5e8a19b12.jpg,"[""'1 |. ^ 1 ,""]"
e0c0cc0c-ddf8-11ed-ae29-70b5e8a19b12.jpg,[]
e2e3159f-ddf8-11ed-8e44-70b5e8a19b12.jpg,['KA 1L A 1L78']
e77a4528-ddf8-11ed-acbe-70b5e8a19b12.jpg,['Ka 1LA 1L78']
e9b89458-ddf8-11ed-84ac-70b5e8a19b12.jpg,['KA 1/A 1L78']
ebe64d0b-ddf8-11ed-87ee-70b5e8a19b12.jpg,['14 A 1478']
ee18d9fc-ddf8-11ed-bf03-70b5e8a19b12.jpg,['K4 94 A 1478']
f0275b35-ddf8-11ed-84e8-70b5e8a19b12.jpg,['K4 14 A 1478']
f231883b-ddf8-11ed-8e92-70b5e8a19b12.jpg,['K4 1 L A 1L78']
f4423333-ddf8-11ed-84be-70b5e8a19b12.jpg,['8 4 1L A 1478']
f66667b8-ddf8-11ed-97c6-70b5e8a19b12.jpg,['KA 1L 4 1478']
f872a0b3-ddf8-11ed-ad12-70b5e8a19b12.jpg,['KA 1L A 1478']
fa833c0f-ddf8-11ed-8529-70b5e8a19b12.jpg,['Ka 1LA 1478']
41980408-e016-11ed-9760-70b5e8a19b12.jpg,[]
43bbee6b-e016-11ed-ad1b-70b5e8a19b12.jpg,[]
45cd123d-e016-11ed-b29d-70b5e8a19b12.jpg,['MHLOBE2665']
47c14fc9-e016-11ed-9c2e-70b5e8a19b12.jpg,['HHLOBE2665']
49730726-e016-11ed-a9af-70b5e8a19b12.jpg,['HHLOBE2665']
4b2ddff3-e016-11ed-b533-70b5e8a19b12.jpg,['NHLOBE2665']
4ef6a8c5-e016-11ed-827f-70b5e8a19b12.jpg,['MHLOBE266']
50c46067-e016-11ed-9604-70b5e8a19b12.jpg,['MHLOBE266']
531baa6d-e016-11ed-aa8d-70b5e8a19b12.jpg,['MHLOBE2665']
5577d319-e016-11ed-a0f7-70b5e8a19b12.jpg,['MHLOBE2665']
42294f07-e019-11ed-bc8c-70b5e8a19b12.jpg,"[""MHLOBE2G6'|""]"
440c7ec9-e019-11ed-a14b-70b5e8a19b12.jpg,['MHLOBE2665']
4c29810f-e019-11ed-8704-70b5e8a19b12.jpg,[]
4ddf6189-e019-11ed-a618-70b5e8a19b12.jpg,[]
4fd12ae1-e019-11ed-ad69-70b5e8a19b12.jpg,['HHLOBE2665']
51b70d33-e019-11ed-a582-70b5e8a19b12.jpg,['MHLOBE2665T']
5397fa0b-e019-11ed-87f2-70b5e8a19b12.jpg,['MHLOBE2665']
5589e224-e019-11ed-aa76-70b5e8a19b12.jpg,['MHLOBE2665']
6c333565-e019-11ed-a74d-70b5e8a19b12.jpg,[]
6e2023c2-e019-11ed-a3f2-70b5e8a19b12.jpg,[]
c5b3ea1b-e01a-11ed-a863-70b5e8a19b12.jpg,['1OBY00257']
cc21a3e5-e01a-11ed-a9cd-70b5e8a19b12.jpg,"[""Yl ]Ok (' ,""]"
ce344ba6-e01a-11ed-a383-70b5e8a19b12.jpg,['PBOB(Ogze']
d4bc01c7-e01a-11ed-a9f6-70b5e8a19b12.jpg,['PB 1OBY0025']
d6bd4fae-e01a-11ed-a72c-70b5e8a19b12.jpg,"[""PB1OBY002'""]"
ec9dba02-e01a-11ed-abb9-70b5e8a19b12.jpg,['~PB10B1002']
eea324a8-e01a-11ed-9f51-70b5e8a19b12.jpg,"[""PB 1OBY 002'""]"
f0b0c693-e01a-11ed-b0b4-70b5e8a19b12.jpg,[]
f29ec161-e01a-11ed-9c01-70b5e8a19b12.jpg,"['PR1QR) (a,9']"
f4a2f41e-e01a-11ed-960a-70b5e8a19b12.jpg,['?B 1OBY0025']
c9575db1-ef33-11ed-8d4e-70b5e8a19b12.jpg,['Ka9an']
c960e62b-ef33-11ed-bd87-70b5e8a19b12.jpg,['Ka19F <-::']
ce4049af-ef33-11ed-8916-70b5e8a19b12.jpg,['Ka 1S^ $ >3']
ce485a2b-ef33-11ed-92db-70b5e8a19b12.jpg,['KA 19 P 8488']
d2b2d3c0-ef33-11ed-859a-70b5e8a19b12.jpg,['Ka 19 P 8488']
ef16e321-ef33-11ed-887b-70b5e8a19b12.jpg,[]
f2b76258-ef33-11ed-bc48-70b5e8a19b12.jpg,[]
f2cce510-ef33-11ed-90c8-70b5e8a19b12.jpg,[]
0a6024ce-ef34-11ed-b73f-70b5e8a19b12.jpg,[]
0b2f8834-ef34-11ed-a3b6-70b5e8a19b12.jpg,['Ka 19 P 8488']
0e29873e-ef34-11ed-bf3d-70b5e8a19b12.jpg,['KA 19P 8488']
